<?xml version="1.0" encoding="UTF-8"?>
<metadata modelVersion="1.1.0">
  <groupId>me.helloztt.hibernate</groupId>
  <artifactId>hibernate-jpamodelgen</artifactId>
  <version>5.2.11-SNAPSHOT</version>
  <versioning>
    <snapshot>
      <timestamp>20181010.125856</timestamp>
      <buildNumber>1</buildNumber>
    </snapshot>
    <lastUpdated>20181010125856</lastUpdated>
    <snapshotVersions>
      <snapshotVersion>
        <extension>jar</extension>
        <value>5.2.11-20181010.125856-1</value>
        <updated>20181010125856</updated>
      </snapshotVersion>
      <snapshotVersion>
        <extension>pom</extension>
        <value>5.2.11-20181010.125856-1</value>
        <updated>20181010125856</updated>
      </snapshotVersion>
    </snapshotVersions>
  </versioning>
</metadata>
